,completion_rate_control,completion_rate_test
0,49.70013361921631,58.383169010290395
