completion_rate;variation
49.70013361921631;Control
58.383169010290395;Test
